{
	"YewyRqc66Tir": {
		"Bucket": {
			"Name": "my-bucket",
			"Region": "us-east-1"
		},
		"ACL": [
			{
				"Grantee": {
					"Type": "CanRead",
					"Principal": "user@example.com"
				},
				"Permission": "read"
			},
			{
				"Grantee": {
					"Type": "CanWrite",
					"Principal": "user@example.com"
				},
				"Permission": "write"
			}
		],
		"ServerSideEncryption": {
			"SSEAlgorithm": "AES_256"
		},
		"BucketPolicy": {
			"Statement": [
				{
					"Sid": "AllowReadAccess",
					"Effect": "Allow",
					"Principal": {
						"Service": "aws.amazon.com"
					},
					"Action": "s3:GetObject"
				},
				{
					"Sid": "AllowWriteAccess",
					"Effect": "Allow",
					"Principal": {
						"Service": "aws.amazon.com"
					},
					"Action": "s3:PutObject"
				}
			]
		},
		"Tagging": {
			"Tags": [
				{
					"Key": "owner",
					"Value": "John Doe"
				},
				{
					"Key": "department",
					"Value": "Marketing"
				}
			]
		}
	}
}