{
  "ec2": [
    {
      "name": "source",
      "value": "terraform-aws-modules/ec2-instance/aws"
    },
    {
      "name": "name",
      "componentType": "text",
      "label": "Name",
      "defaultValue": "",
      "required": false
    },
    {
      "name": "monitoring",
      "componentType": "checkbox",
      "label": "Monitoring",
      "defaultValue": "true",
      "required": false
    },
    {
      "name": "instance_type",
      "componentType": "text",
      "label": "Instance Type",
      "defaultValue": "",
      "required": false,
      "options": [
        {
          "value": "t2.micro",
          "label": "t2.micro"
        },
        {
          "value": "t2.small",
          "label": "t2.small"
        }
      ]
    }
  ],
  "amplify": [
    {
      "name": "source",
      "value": "cloudposse/amplify-app/aws"
    },
    {
      "name": "name",
      "componentType": "text",
      "label": "Name",
      "defaultValue": "",
      "required": false
    },
    {
      "name": "description",
      "componentType": "text",
      "label": "Description",
      "defaultValue": "",
      "required": false
    },
    {
      "name": "access_token",
      "componentType": "text",
      "label": "Access Token",
      "defaultValue": "",
      "required": false
    },
    {
      "name": "repository",
      "componentType": "text",
      "label": "Repository",
      "defaultValue": "",
      "required": false
    },
    {
      "name": "platform",
      "componentType": "text",
      "label": "Platform",
      "defaultValue": "WEB",
      "required": false
    }
  ],
  "securityGroup": [
    {
      "name": "name",
      "componentType": "text",
      "label": "Name",
      "defaultValue": "",
      "required": false
    },
    {
      "name": "description",
      "componentType": "text",
      "label": "Description",
      "defaultValue": "",
      "required": false
    }
  ],
  "vpc": [
    {
      "name": "source",
      "value": "terraform-aws-modules/vpc/aws"
    },
    {
      "name": "azs",
      "componentType": "text",
      "label": "Availability Zone",
      "defaultValue": "",
      "required": false,
      "isArray": true
    },
    {
      "name": "name",
      "componentType": "text",
      "label": "Name",
      "defaultValue": "",
      "required": false
    },
    {
      "name": "cidr",
      "componentType": "text",
      "label": "CIDR Block",
      "defaultValue": "",
      "required": false
    },
    {
      "name": "private_subnets",
      "componentType": "text",
      "label": "Public Subnet",
      "defaultValue": "",
      "required": false,
      "isArray": true
    },
    {
      "name": "public_subnets",
      "componentType": "text",
      "label": "Private Subnet",
      "defaultValue": "",
      "required": false,
      "isArray": true
    },
    {
      "name": "enable_nat_gateway",
      "componentType": "checkbox",
      "label": "Enable Nat Gateway",
      "defaultValue": "",
      "required": false
    },
    {
      "name": "enable_vpn_gateway",
      "componentType": "checkbox",
      "label": "Enable VPN Gateway",
      "defaultValue": "",
      "required": false
    }
  ],
  "s3": [
    {
      "name": "source",
      "value": "terraform-aws-modules/s3-bucket/aws"
    },
    {
      "name": "bucket",
      "componentType": "text",
      "label": "Bucket",
      "defaultValue": "",
      "required": false
    },
    {
      "name": "forceDestroy",
      "componentType": "checkbox",
      "label": "Force Destroy",
      "defaultValue": "",
      "required": false
    }
  ]
}
