{
	"anPLiAWV40RN": {
		"id": "4utCX5hR",
		"moduleName": "VPC",
		"data": {
			"module": {
				"source": "terraform-aws-modules/vpc/aws",
				"azs": [
					"us-east-1a",
					"us-east-1b"
				],
				"name": "roit-vpc",
				"cidr": "10.0.0.0/16",
				"private_subnets": [
					"10.1.0.0/24"
				],
				"public_subnets": [
					"10.2.0.0/24"
				],
				"enable_nat_gateway": false,
				"enable_vpn_gateway": false
			}
		}
	},
	"aAfK2wgb": {
		"id": "aAfK2wgb",
		"moduleName": "EC2",
		"data": {
			"module": {
				"source": "terraform-aws-modules/ec2-instance/aws",
				"name": "my-instance",
				"monitoring": true,
				"instance_type": "t2.micro"
			}
		}
	}
}